{
  "roc_auc": 0.8418481490092744,
  "pr_auc": 0.6332602537422076,
  "brier": 0.13816130557797146,
  "n_test": 1409,
  "churn_rate_test": 0.2654364797728886
}